{
  "1": {
    "K": 1,
    "num_runs": 5,
    "gate_indices_1_based": [
      2,
      4,
      5,
      6,
      7,
      8,
      9,
      10,
      11,
      12,
      13,
      14,
      15,
      16,
      17,
      18,
      19
    ],
    "gate_names": [
      "P",
      "P",
      "CX",
      "P",
      "CX",
      "H",
      "P",
      "H",
      "P",
      "CX",
      "P",
      "CX",
      "RY",
      "RY",
      "CX",
      "RY",
      "RY"
    ],
    "mean": {
      "2": 0.005604166556984558,
      "4": 0.0010699469796961155,
      "5": 9.414453217265975e-05,
      "6": -0.0014756027189682672,
      "7": 0.015092770792530463,
      "8": 0.012005070430718651,
      "9": 0.0038613227941912014,
      "10": 0.009551137795229947,
      "11": -0.00012722871046878743,
      "12": 0.004428604970555425,
      "13": 0.002972824918769404,
      "14": 0.003895367675268367,
      "15": 0.004147896665030444,
      "16": 0.008943640347366824,
      "17": 0.009243619886148288,
      "18": 0.006780740246718428,
      "19": -0.0012293089862930179
    },
    "std": {
      "2": 0.004836515990119617,
      "4": 0.0026429236900884796,
      "5": 0.005672351682346824,
      "6": 0.0016884598667849288,
      "7": 0.0043497359021126905,
      "8": 0.0031092700235797934,
      "9": 0.003878627224201606,
      "10": 0.005039304648033091,
      "11": 0.0029284996981374703,
      "12": 0.0036612601441619163,
      "13": 0.002295095875814481,
      "14": 0.0032918799040661385,
      "15": 0.0034950505699486937,
      "16": 0.0032348507546806544,
      "17": 0.004143536587535662,
      "18": 0.004646189145808045,
      "19": 0.006478735505501965
    },
    "values": {
      "2": [
        0.007426196083185012,
        0.004883645456573248,
        0.0024027413819329504,
        0.013748719494892779,
        -0.0004404696316611964
      ],
      "4": [
        0.0006148523138819945,
        -0.003391357898894149,
        0.0029898954627787127,
        0.0007461799027389968,
        0.004390165117975023
      ],
      "5": [
        0.007019489890276236,
        -0.007153307738422999,
        0.006495681794964204,
        -0.0022627532154880213,
        -0.0036283880704661214
      ],
      "6": [
        -0.0012522729071159807,
        -0.0008955717612242737,
        -0.004665042216051042,
        0.0003689584554153071,
        -0.0009340851658653468
      ],
      "7": [
        0.014712458176727786,
        0.020996229463045794,
        0.011050075244848247,
        0.00976090661662129,
        0.018944184461409202
      ],
      "8": [
        0.010212489708071133,
        0.01820747857099404,
        0.01083317316836107,
        0.010526014204075904,
        0.01024619650209111
      ],
      "9": [
        0.0062492054802083235,
        -0.0034478290264374307,
        0.003189553875986654,
        0.006677217744063033,
        0.006638465897135428
      ],
      "10": [
        0.003963698466394568,
        0.009392709032836627,
        0.006832265383799865,
        0.008659535189783163,
        0.01890748090333552
      ],
      "11": [
        -0.00025006579805159686,
        -0.002631452783255317,
        -0.004032832672322806,
        0.0031760236741820397,
        0.0031021840271037437
      ],
      "12": [
        -0.0008395102092692604,
        0.007483789910314781,
        0.0009556027328324998,
        0.008196308479677951,
        0.006346833939221154
      ],
      "13": [
        0.0037849833176064715,
        0.0022555767728530676,
        0.00016008485278259991,
        0.006935436534126104,
        0.0017280431164787776
      ],
      "14": [
        0.0009186967910096345,
        0.006617039223793479,
        -0.0010441649915911059,
        0.006383691919708448,
        0.006601575433421379
      ],
      "15": [
        0.000645944241693069,
        0.0033805995797832234,
        0.002645086544646905,
        0.010861961380219897,
        0.003205891578809128
      ],
      "16": [
        0.00791029736479919,
        0.007250161898776168,
        0.00588682767617479,
        0.015175840208051414,
        0.008495074589032557
      ],
      "17": [
        0.0037258661058286913,
        0.013977553456589905,
        0.004872775048662821,
        0.012368297348154773,
        0.011273607471505258
      ],
      "18": [
        0.008311313419263128,
        0.0036098908731277742,
        0.012918984777545103,
        -0.00035416872513170964,
        0.009417680888787847
      ],
      "19": [
        -0.005058020989143977,
        -0.006074991159902875,
        -0.0023587773511103464,
        -0.004150319562286263,
        0.011495564130978374
      ]
    }
  },
  "8": {
    "K": 8,
    "num_runs": 5,
    "gate_indices_1_based": [
      2,
      4,
      5,
      6,
      7,
      8,
      9,
      10,
      11,
      12,
      13,
      14,
      15,
      16,
      17,
      18,
      19
    ],
    "gate_names": [
      "P",
      "P",
      "CX",
      "P",
      "CX",
      "H",
      "P",
      "H",
      "P",
      "CX",
      "P",
      "CX",
      "RY",
      "RY",
      "CX",
      "RY",
      "RY"
    ],
    "mean": {
      "2": 0.007611527597538007,
      "4": 0.0052370077714857235,
      "5": 0.004224761679940022,
      "6": 0.00020457887683134895,
      "7": 0.01609190275448232,
      "8": 0.016096764388234243,
      "9": 0.004717637743604328,
      "10": 0.008803609875405077,
      "11": 0.0007702752164183715,
      "12": 0.005343819010388654,
      "13": 0.00638545040862262,
      "14": 0.0006558982037842564,
      "15": 0.004782502826070588,
      "16": 0.007908618583208838,
      "17": 0.010481075766110357,
      "18": 0.008026078769201079,
      "19": 0.000580216740150824
    },
    "std": {
      "2": 0.0016852734978321019,
      "4": 0.0028290024505717806,
      "5": 0.000471653881978215,
      "6": 0.0011907131053660452,
      "7": 0.002368136737231824,
      "8": 0.0020580412836584596,
      "9": 0.0015275448359660623,
      "10": 0.0012237343188860929,
      "11": 0.0007197889939157923,
      "12": 0.0011376825151519986,
      "13": 0.0025313805224795624,
      "14": 0.0014461871016970512,
      "15": 0.002900487443046114,
      "16": 0.0008367565568718664,
      "17": 0.0021626140978232736,
      "18": 0.0013138031188838237,
      "19": 0.001395692021461664
    },
    "values": {
      "2": [
        0.005384762280787601,
        0.007391783692239132,
        0.006622879679633552,
        0.008252912490936789,
        0.010405299844092962
      ],
      "4": [
        0.009995116992036732,
        0.0030472532178210904,
        0.004539237841633551,
        0.006576052609991761,
        0.0020273781959454854
      ],
      "5": [
        0.0048892274973336034,
        0.004695078032668062,
        0.003741422319723745,
        0.003855630464029992,
        0.0039424500859447055
      ],
      "6": [
        9.072610380965014e-05,
        -0.0012817360856928915,
        -0.0006594124086809065,
        0.00217299156355575,
        0.0007003252111651428
      ],
      "7": [
        0.012434953353461797,
        0.016704945196344793,
        0.018934414081798957,
        0.01795201912887626,
        0.014433182011929785
      ],
      "8": [
        0.01251092318881649,
        0.018307429077120504,
        0.01527782129981141,
        0.016772738707820912,
        0.017614909667601892
      ],
      "9": [
        0.003553844537231708,
        0.0034643160431808017,
        0.004924778402777462,
        0.007591358295213846,
        0.004053891439617823
      ],
      "10": [
        0.007367645208690792,
        0.009719420566953194,
        0.009217328464139323,
        0.010341768199233192,
        0.0073718869380088895
      ],
      "11": [
        -6.18795181427375e-05,
        0.0012507157350972633,
        7.652046280141937e-05,
        0.001858420190684946,
        0.000727599211650966
      ],